Time (s),Linear Acceleration x (m/s^2),Linear Acceleration y (m/s^2),Linear Acceleration z (m/s^2),Absolute acceleration (m/s^2)
0,-0.031029967,-0.080981086,-0.172406323,0.192988952
0.01001,-0.004873599,-0.073522013,-0.212058046,0.224494662
0.020019,-0.003759632,-0.056459179,-0.193782574,0.201874862
0.030029,-0.019799312,-0.035164132,-0.197065201,0.201154722
0.040039,-0.00269447,-0.004646782,-0.193784328,0.193858759
0.050049,-3.22145E-05,0.007148733,-0.197823585,0.197952712
0.060058,-0.018804061,0.009972353,-0.198869652,0.200005447
0.070068,-0.002414717,0.00642112,-0.191823172,0.191945802
0.080109,-0.001328871,-0.036927798,-0.197353469,0.200783016
0.090118,-0.016432576,-0.008562224,-0.190539708,0.191438558
0.100128,-0.008297729,0.016308396,-0.194376066,0.195235425
0.110138,-0.004953487,0.022262835,-0.196185195,0.197506459
0.120148,-0.005872322,0.014928161,-0.199447941,0.200092017
0.130157,-0.002001429,0.01530516,-0.197402,0.198004554
0.140167,-0.00336933,-0.009063477,-0.195347289,0.195586457
0.150177,-0.006534629,-0.022647289,-0.193651596,0.19508086
0.160187,0.000101358,-0.021143751,-0.185136296,0.186339788
0.170196,-0.008744054,-0.006509559,-0.186473554,0.186791915
0.180206,-0.004866144,-0.012212714,-0.193587277,0.194033151
0.190246,-0.001825884,-0.003278826,-0.196001592,0.196037519
0.200256,-0.001574399,-0.013505095,-0.197068124,0.197536609
0.210266,-0.005746881,-0.017355048,-0.191216231,0.192088186
0.220276,0.002010163,-0.020976301,-0.196125553,0.19725435
0.230286,0.003209062,-0.014358861,-0.191494558,0.192058952
0.240295,-0.040048439,0.019275346,-0.236639156,0.240776882
0.250305,0.029668644,0.137330046,-0.206668083,0.249902914
0.260315,0.043064561,0.133754985,-0.133356863,0.193724044
0.270325,-0.012174616,0.050688124,-0.194047453,0.200927651
0.280334,0.022898172,0.037842083,-0.22561774,0.229912405
0.290344,-0.00864911,0.02453309,-0.155113767,0.157279879
0.300384,0.002089521,0.016719748,-0.20213883,0.202839894
0.310394,0.000944746,-0.001019462,-0.185661961,0.185667163
0.320404,0.001520258,-0.02341079,-0.183403766,0.184898128
0.330414,0.350914654,-0.042707917,-0.173786851,0.393912338
0.340423,0.754061389,0.066209265,-0.266050651,0.802356027
0.350433,0.570469343,0.125718718,-0.093796356,0.591640282
0.360443,0.755238287,0.05679978,-0.355563337,0.836681763
0.370453,1.037578258,-0.099332792,-0.042557205,1.043190664
0.380463,0.504708888,-0.275023788,-0.437054812,0.722070671
0.390472,-0.502533467,-0.522106145,-0.034453549,0.725480365
0.400482,-0.84312552,-0.359321634,0.22014533,0.942569173
0.410522,-0.495027908,-0.201984171,-0.693696708,0.875822675
0.420532,0.135481503,0.205199628,0.115027011,0.27146517
0.430542,0.589364766,0.503480351,-0.363091627,0.8559666
0.440552,0.39926137,0.485603951,-0.239563349,0.672764028
0.450561,-0.146840944,0.396593614,0.034092191,0.424277074
0.46059075,-0.468240205,0.31727343,-0.364206106,0.672723871
0.47060075,-0.234854787,0.126677077,-0.211427132,0.340448652
0.48061075,-0.479004345,-0.123784824,-0.225630019,0.543761667
0.49061975,-0.136340642,-0.241398644,-0.054087914,0.282466951
0.50062975,0.73646222,-0.068763841,-0.27164936,0.787971092
0.51063975,0.063326606,-0.072865663,-0.134439182,0.165509992
0.52067975,-0.226735727,-0.17737229,-0.050818736,0.292322704
0.53068975,0.434655955,0.214743088,-0.310317582,0.57561914
0.54069975,0.198548036,0.228901244,0.024854175,0.304030972
0.55070975,0.299553333,-0.000172639,-0.120745588,0.322973259
0.56071875,-0.165192248,-0.078294437,-0.282408822,0.336412307
0.57072875,0.236004898,-0.051448189,0.083992914,0.25573431
0.58073875,0.223578505,-0.127762905,-0.440764285,0.510474155
0.59074875,-0.301699754,-0.185292563,-0.235528185,0.42524064
0.60075775,-0.562524767,-0.20913188,-0.184119465,0.627750137
0.61076775,-0.795710302,-0.204150637,-0.240052761,0.855837424
0.62077775,-0.67662927,-0.186043199,-0.147177342,0.717007958
0.63081775,-0.583733897,-0.218369896,-0.039204412,0.624473907
0.64082775,-0.587042252,-0.300875352,-0.26751304,0.711834117
0.65083775,-0.837964037,-0.228896858,-0.172340249,0.885595088
0.66084775,-0.92113834,-0.133116761,-0.197730614,0.951479537
0.67085675,-0.72161592,0.078912488,-0.223244939,0.759470223
0.68086675,-0.418207993,0.269450953,-0.007371,0.497550071
0.69087675,-0.275715039,0.111418987,-0.209423876,0.363718755
0.70088675,0.192768429,-0.114138673,0.011896745,0.224340893
0.71089575,0.239812842,-0.254358997,-0.285999012,0.451668168
0.72090575,0.010624775,-0.238172369,-0.023888215,0.239603026
0.73091575,-0.001783821,-0.193485535,-0.183414291,0.266609521
0.74095575,0.208708999,-0.140509177,-0.172336741,0.304962665
0.75096575,0.344916288,-0.055381465,-0.159996777,0.384230817
0.76097575,-0.035786275,-0.06382616,-0.176680053,0.191233567
0.77098475,-0.090828327,-0.028733656,-0.143381914,0.172144652
0.78099475,-0.122327223,0.0135355,-0.196869904,0.232174327
0.79100475,-0.087041798,0.039695578,-0.142863851,0.171936306
0.80101475,-0.02197687,0.05666946,-0.195437336,0.204670865
0.81102475,0.073503192,0.10209297,-0.157214087,0.201350349
0.82103375,0.178349506,0.129246928,-0.198982503,0.296828825
0.83104375,-0.001136754,0.089902987,-0.196332545,0.215940518
0.84105375,-0.065037684,0.047557086,-0.168372914,0.18665748
0.85109375,-0.071813091,0.001681659,-0.190959538,0.204023266
0.86110375,-0.077247804,-0.018550365,-0.16529377,0.183394028
0.87111375,-0.031838327,-0.019522318,-0.156237018,0.160638743
0.88112275,0.14703138,-0.017790592,-0.171850837,0.22686437
0.89113275,0.077488892,-0.065585075,-0.171103563,0.19895316
0.90114275,-0.074697157,-0.08861638,-0.145781026,0.186238116
0.91115275,-0.071296124,-0.094477483,-0.165858611,0.20376018
0.92116175,-0.041022238,-0.086851325,-0.164291557,0.190309465
0.93117175,0.074700519,-0.057499838,-0.171302369,0.195527237
0.94118175,0.09690532,-0.042405616,-0.17850263,0.207489918
0.95119175,-0.053526307,-0.05162229,-0.149334379,0.166825308
0.96123175,-0.068668988,-0.033008994,-0.158765938,0.17610124
0.97124175,-0.042419777,0.002473007,-0.166318787,0.17166098
0.98125175,0.068989068,0.036465649,-0.179403101,0.195639229
0.99126075,0.041137483,0.04689043,-0.18920128,0.199218798
1.00127075,-0.057983055,0.027747816,-0.160969169,0.173329309
1.01128075,-0.050849251,0.01942043,-0.176268994,0.184481862
1.02129075,-0.020530396,0.018813928,-0.161908817,0.16428611
1.03129975,0.061163301,0.014467035,-0.172851881,0.183923944
1.04130975,0.01196174,-0.010031045,-0.177050182,0.177737086
1.05131975,-0.056073665,-0.028631403,-0.150537736,0.163173599
1.06132975,-0.018770677,-0.046701273,-0.169792618,0.177095681
1.07136975,0.048298275,-0.048251881,-0.164340674,0.177957367
1.08137975,0.012772603,-0.058313989,-0.162350281,0.172977671
1.09138975,-0.040533849,-0.075944149,-0.157236307,0.179258927
1.10139875,-0.00909644,-0.068597049,-0.161714689,0.17589753
1.11140875,0.033966476,-0.041343688,-0.165278567,0.173723996
1.12141875,0.001838072,-0.019112063,-0.164237763,0.165356258
1.13142875,-0.037940097,-0.015049417,-0.16769873,0.172594322
1.14143775,0.003105292,-0.002472422,-0.163836059,0.163884136
1.15144775,0.032755481,0.005493605,-0.171336867,0.174526283
1.16145775,-0.006329538,0.007846671,-0.183335938,0.183612907
1.17146775,-0.029736125,-0.000493797,-0.170959137,0.173526677
1.18150775,0.005473268,-0.001941568,-0.172503971,0.172601699
1.19151775,0.020236172,3.28175E-05,-0.166397139,0.167623124
1.20152675,-0.012251872,-0.012031523,-0.165041755,0.165932657
1.21153675,-0.013448852,-0.02036958,-0.163685201,0.165495125
1.22154675,0.01368444,-0.043300386,-0.159940644,0.166262434
1.23155675,0.024680513,-0.039014962,-0.160668038,0.167169116
1.24156675,-0.008185974,-0.045472188,-0.16065225,0.167164217
1.25157575,-0.009634841,-0.043306453,-0.162128087,0.168088654
1.26158575,0.012637642,-0.040892795,-0.164810205,0.170277228
1.27159575,0.007370123,-0.038097022,-0.172575307,0.176883969
1.28160575,-0.014672491,-0.016168282,-0.158048485,0.159549425
1.29164575,-0.003406807,-0.008085164,-0.162239769,0.162476826
1.30165575,0.007534137,0.000808816,-0.165103735,0.165277527
1.31166475,-0.009041952,-0.000119576,-0.161222938,0.161476336
1.32167475,-0.016928877,-0.006181165,-0.163475286,0.164465689
1.33168475,-0.001135529,0.002593459,-0.154517351,0.154543286
1.34169475,-0.002819783,-0.013593753,-0.170396635,0.170961266
1.35170375,-0.010758511,-0.016787429,-0.165315989,0.166514082
1.36171375,-0.004682469,-0.026058117,-0.151858038,0.154148677
1.37172375,0.05164206,0.001819727,-0.147505955,0.156295299
1.38173375,0.050557457,0.013974041,-0.1905783,0.197664915
1.39174375,-0.00139679,0.004245005,-0.158367158,0.158430199
1.40178375,-0.050752644,-0.032390651,-0.148627451,0.160359298
1.41179375,-0.074851943,-0.054638941,-0.161640429,0.186321914
1.42180275,-0.03229631,-0.033053068,-0.141585065,0.14893585
1.43181275,0.000536738,-0.009004274,-0.162049735,0.16230059
1.44182275,-0.097368073,0.023695037,-0.205426719,0.228565381
1.45183275,-0.234823852,0.047796676,-0.115762591,0.266134817
1.461856333,0.240724003,0.233658757,-0.165112506,0.373907208
1.471866333,0.166031926,0.392363958,-0.24801433,0.492977873
1.481876333,-0.344545538,0.365631365,-0.136648845,0.520644629
1.491886333,0.257180023,0.376810803,-0.239836999,0.515412195
1.501895333,0.095573562,-0.00357031,-0.171332774,0.196219195
1.511936333,-0.092145486,-0.091913041,-0.100156372,0.164225749
1.521946333,0.120412443,-0.292378617,-0.150407928,0.350152762
1.531955333,0.073309119,-0.264387118,-0.197369256,0.337978399
1.541965333,-0.144520513,-0.196899798,-0.088967725,0.259944158
1.551975333,0.034910308,-0.136498352,-0.194912841,0.240502693
1.561985333,0.003033207,-0.055148818,-0.164091582,0.173137633
1.571994333,0.020541378,-0.06429993,-0.120389493,0.138021952
1.582004333,0.057497152,-0.025438531,-0.156282041,0.168455091
1.592014333,0.038577151,0.043911128,-0.180991205,0.190195163
1.602024333,0.050528166,0.112732564,-0.189055685,0.225840161
1.612033333,-0.025353436,0.144470592,-0.211845793,0.257668757
1.622074333,-0.132757103,0.208862835,-0.222587128,0.332856068
1.632083333,-0.030296288,0.028055818,-0.109804278,0.117311438
1.642093333,0.078681157,-0.168331471,-0.186032674,0.262934145
1.652103333,-0.112083102,-0.170413884,-0.097468407,0.226061063
1.662113333,0.032336985,-0.171540789,-0.153194126,0.232250647
1.672123333,-0.036780229,-0.097146883,-0.141074603,0.175192311
1.682132333,-0.026915994,-0.027730347,-0.140327328,0.145551372
1.692142333,0.008846344,-0.006418854,-0.151804828,0.152197784
1.702152333,0.059298935,0.003457605,-0.183275127,0.192660559
1.712162333,-0.002681551,0.091949074,-0.185374278,0.206943098
1.722171333,0.026941466,0.170999264,-0.170255717,0.242803624
1.732212333,0.052824623,0.126229618,-0.146794934,0.200681613
1.742221333,0.040105084,0.069627621,-0.157777174,0.177059481
1.752231333,0.045239725,0.029461562,-0.155524242,0.164628084
1.762241333,0.306890346,0.062465951,-0.162491199,0.352827252
1.772251333,0.090498745,0.286721874,-0.162314029,0.341680113
1.782260333,-0.204146307,0.484313032,-0.185456724,0.55734103
1.792270333,0.12552671,0.562374092,-0.265068319,0.634257667
1.802280333,-0.215264586,0.443642577,-0.227975337,0.543258992
1.812290333,-0.38011247,0.511210151,-0.206069913,0.669541721
1.822300333,-0.041280977,0.623143473,-0.218441452,0.661610592
1.832309333,-0.457169014,0.413124789,-0.241830899,0.661934878
1.842350333,-0.180437327,0.664517275,-0.229137179,0.72570289
1.852359333,0.546064672,0.899948031,-0.381048426,1.119504796
1.862369333,0.125706421,0.789229833,-0.14308663,0.811886456
1.872379333,-0.014991585,0.6747165,-0.203977779,0.705034777
1.882389333,0.368094139,1.01557482,-0.278942592,1.115658765
1.892398333,-0.016389015,1.16340208,-0.297377694,1.200919019
1.902408333,-0.060207062,1.480372916,-0.459849012,1.551318786
1.912418333,0.196006983,1.641765716,-0.307102198,1.681703054
1.922428333,0.139172412,1.639012554,-0.334798704,1.678636734
1.932437333,-0.632357735,1.74548889,-0.394099996,1.897873172
1.942447333,0.558800566,2.057769382,-0.121195239,2.135734344
1.952488333,0.340392516,2.241414346,-1.07432238,2.508779367
1.962497333,-0.913620502,1.802753596,-0.259533929,2.037640992
1.972507333,0.724473016,2.051422814,-0.316330858,2.198468086
1.982517333,-0.126155185,2.357310984,-0.189031711,2.368240527
1.992527333,-0.189012543,2.800195616,-0.650752417,2.881024112
2.002536333,0.487600775,2.889699823,-0.288077697,2.944674573
2.012546333,0.622649164,2.692875235,-0.446739555,2.799793786
2.022556333,1.179148997,2.81134304,-0.753851693,3.140435387
2.032566333,-0.557651698,2.596035111,-0.09794554,2.657059849
2.042575333,-0.835484598,2.615398458,-0.627502719,2.81639899
2.052616333,-0.152720831,3.05653638,-0.755751454,3.152284657
2.062625333,0.069932188,3.326523669,-0.116789947,3.329307755
2.072635333,0.253244755,3.119606203,-0.062976267,3.130501841
2.082645333,0.862564588,2.760379001,-1.248119171,3.149843069
2.092655333,0.293420152,3.080951722,-0.453152781,3.127891676
2.102665333,-0.046077594,3.400058546,-0.105121828,3.401995276
2.112674333,-0.579303024,3.024057144,-0.302109261,3.093829926
2.122684333,0.005127104,2.789595491,-0.219616157,2.798231682
2.132694333,-0.05231471,2.588562369,-0.96337848,2.76251517
2.142704333,0.817119736,2.957299483,0.083180151,3.069238315
2.152713333,-0.503786964,3.16718295,-0.209770031,3.213853234
2.162754333,-0.800556621,2.478580921,0.030258756,2.604835863
2.172763333,1.491319488,2.358218472,-1.37776656,3.111827256
2.182773333,3.73286715,2.76628615,-0.003011316,4.646143056
2.192783333,0.55219577,2.251384433,-2.266342195,3.241906689
2.202793333,-1.950030194,1.959970168,2.957909932,4.048867988
2.212802333,0.310063922,1.258075225,-1.46254534,1.95395286
2.222812333,1.034834964,0.421204033,-0.985390323,1.489728274
2.232822333,0.904820808,-0.548703448,0.058719494,1.059822696
2.242832333,0.057751834,-0.468606534,0.294052967,0.55623242
2.252842333,0.472807575,-0.707222926,1.447145528,1.678672526
2.262851333,0.098548169,-0.674089971,-2.861720896,2.941692628
2.272892333,-0.141157341,-0.345155,2.767350343,2.792361956
2.282901333,-0.52402659,-0.66028908,-0.168019157,0.859544049
2.292911333,-0.305077526,-0.990863171,-2.844599079,3.027643645
2.302921333,0.077735955,-0.704734205,0.813152985,1.078847049
2.312931333,0.280463069,-0.737159501,0.35527273,0.865033164
2.322940333,-0.613468232,-1.033946918,6.150239418,6.266644588
2.332950333,-0.83758616,-1.94179249,-2.150495989,3.016080512
2.342960333,1.091437692,-0.230767529,-4.812778884,4.940377564
2.352970333,0.536884105,-0.488143397,-3.338689971,3.416632734
2.362979333,-1.076483511,-0.995473408,8.990834908,9.109604624
2.372989333,0.170174276,-1.019023508,-4.633279304,4.747067021
2.383030333,-0.127868593,0.067377758,-1.709002556,1.715103459
2.393039333,-1.01021899,-1.249401027,1.420228456,2.144433305
2.403049333,1.314910308,-1.196876512,-2.834062981,3.345656211
2.413059333,0.713332243,-0.729002489,0.37909838,1.088119065
2.423069333,-0.384122307,-0.576633258,2.695590389,2.783210989
2.433078333,-0.472043015,-0.519569257,1.202957616,1.392797131
2.443088333,-0.798083395,-0.897126311,-0.742491138,1.411759828
2.453098333,-1.600257355,-0.401998707,4.855432568,5.128123632
2.463133708,-0.589171589,-1.446902576,-2.323374767,2.799771515
2.473142708,1.202286795,-0.906992318,-0.29782559,1.535196627
2.483152708,0.485994179,-0.975885236,-5.101281674,5.216475539
2.493192708,1.181190187,-0.822196873,-1.846023284,2.340730638
2.503202708,1.382147002,-0.778197307,-0.205069454,1.59936702
2.513212708,0.7479577,-0.450955397,2.933849224,3.061090127
2.523222708,-0.611777984,-0.521059859,2.867672192,2.978140272
2.533232708,-0.889698958,-0.616105618,-1.727592609,2.038559931
2.543241708,-1.647228185,-0.677719922,2.900280359,3.403570353
2.553251708,0.176378044,-1.123576109,-4.440596007,4.583931215
2.563261708,0.761673367,-0.679579775,-0.51862347,1.144965193
2.573271708,0.792338798,-0.440778757,2.848600913,2.989416974
2.583280708,-1.007428041,-0.741131222,-0.205032617,1.26736937
2.593290708,-0.73276181,-0.786817418,0.285490889,1.112441714
2.603330708,-0.085870692,-0.714705169,-0.567761132,0.916804209
2.613340708,-0.372968451,-0.628037008,-0.388990114,0.827556196
2.623350708,-0.035846081,-0.915077263,-0.094154205,0.920606514
2.633360708,0.316342443,-1.000561363,-1.575908234,1.893325736
2.643369708,0.439794598,-0.655688783,2.218411399,2.354717861
2.653379708,0.111302554,-0.940209327,-1.698113871,1.944215152
2.663389708,0.281059321,-0.935851251,0.398591827,1.055313863
2.673399708,1.01518291,-0.97142191,0.055511127,1.406178635
2.683409708,0.773883889,-0.885916321,-0.301455542,1.214339098
2.693418708,-0.445427513,-0.927242541,-2.692200758,2.882035621
2.703428708,0.924181378,-0.990358703,9.208614455,9.307711951
2.713468708,0.283421048,-0.758796099,4.990765205,5.056069258
2.723478708,-1.440387609,-0.918894325,-10.71861521,10.85392995
2.733488708,-0.786994735,-0.931690518,-3.927016345,4.112039069
2.743498708,0.160684026,-0.882374809,-5.758990524,5.828411148
2.753507708,1.206125419,-0.669620798,4.264188434,4.4817891
2.763517708,0.374761134,-0.344916142,4.910160168,4.936505437
2.773527708,-1.042829935,-0.538002897,0.51448715,1.281264382
2.783537708,-1.668338387,-0.379994027,2.369168406,2.922448866
2.793546708,-0.79757973,-0.828666087,-3.662770144,3.839102244
2.803556708,1.953060952,-0.859979096,-0.738135547,2.258064484
2.813566708,0.092301679,-0.559751616,0.450415699,0.724372676
2.823606708,-0.464666314,-0.631724993,1.928148013,2.081524924
2.833616708,-0.183534963,-0.86997111,2.320144181,2.484673788
2.843626708,0.096233987,-1.383337349,-4.550669841,4.757255428
2.853636708,-0.721751941,-1.054253567,-2.413550527,2.730861145
2.863645708,-0.274681562,-0.004558782,7.872152626,7.876944694
2.873655708,-0.560226775,-0.845103487,-3.486484194,3.630926325
2.883665708,-0.531242492,-1.311647854,0.76289909,1.607685821
2.893675708,0.436297086,-1.147319898,-8.117326378,8.209609347
2.903684708,0.500685418,-0.24025946,6.196304952,6.221141821
2.913694708,0.950722913,-1.108589842,-2.188339754,2.630907899
2.923704708,-0.137400358,-0.184213606,3.489986091,3.497544343
2.933744708,-0.041021324,-0.980945416,-0.969943734,1.380118656
2.943754708,0.132236792,-0.907368294,-3.079933721,3.213533183
2.953764708,1.241556549,-0.711256481,0.980138939,1.734364663
2.963773708,0.509181679,-0.597755009,0.177860606,0.805115785
2.973783708,-0.481922836,-0.601622211,1.703679251,1.869952378
2.983793708,0.078805255,-0.555409181,0.613816141,0.831540667
2.993803708,-0.498959247,-1.15471034,-4.354874656,4.532907408
3.003813708,-0.128967614,-0.633935387,2.254619697,2.34559517
3.013822708,-0.168334761,-0.774671874,0.914314494,1.210133917
3.023832708,-0.31124316,-0.467817306,0.788159062,0.967946301
3.033842708,-0.254660458,-1.19344405,-2.868417712,3.117207215
3.043882708,-0.50527625,-0.173473147,1.194935821,1.308918882
3.053892708,-0.100293928,-0.621340777,0.581409702,0.856831649
3.063902708,-0.570573971,-0.578966297,1.441194232,1.654629096
3.073911708,0.217253572,-0.953266598,-0.674617243,1.187865626
3.083921708,0.954832263,-0.856930358,-3.030877336,3.291238629
3.093931708,1.775485544,-0.807618011,-0.610668585,2.043896252
3.103941708,0.45989981,-0.411026662,3.806264325,3.855917383
3.113950708,1.67190782,-1.742533122,3.193077344,4.003428576
3.123960708,0.075507983,-1.261434451,-10.32107121,10.39814547
3.133970708,-2.161758019,-0.289441706,4.716404491,5.19629152
3.143980708,-1.370525368,-0.450647542,3.494132352,3.78026241
3.154020708,0.357844884,-0.889402577,-4.328528271,4.433423835
3.164030708,1.197081019,-1.168835459,-1.643820135,2.345490126
3.174040708,-0.264978144,-0.194733185,1.853071518,1.882022444
3.184049708,-0.330700829,-0.699475511,0.502450656,0.922543057
3.194059708,-1.808618353,-0.829304603,0.202572693,1.999970542
3.204069708,-0.308780605,-0.674287899,-0.533536209,0.913603042
3.214079708,0.264275107,-0.632891074,1.186243935,1.370243452
3.224088708,-0.079883107,-0.866157556,-2.457292378,2.606702141
3.234098708,-0.00303708,-0.401798148,1.785799887,1.830445905
3.244108708,0.397231692,-0.704007542,-2.174105877,2.319516329
3.254118708,-0.380215271,-0.271103522,1.618730317,1.684739924
3.264158708,0.571197833,-0.899094045,0.121640212,1.072116321
3.274168708,0.372380002,-1.131313145,-1.195519373,1.687543442
3.284178708,1.242379544,-0.599048121,-1.559702091,2.082074973
3.294187708,0.097491357,-0.488226866,1.972810215,2.034662179
3.304197708,-1.105759131,-0.676213679,0.958114232,1.611816081
3.314207708,-1.211780846,-0.92540023,-1.438411542,2.09614078
3.324217708,-0.033664504,-0.745037016,-0.305212963,0.805833982
3.334226708,1.318123937,-0.70384572,3.239816478,3.567808897
3.344236708,0.616564917,-1.135110034,-4.119528319,4.317307107
3.354246708,-0.376948139,-0.371185196,2.225371925,2.287389025
3.364256708,0.263563136,-0.750076,-0.607337426,1.000469031
3.374296708,-0.273869584,-0.772208734,-1.947102347,2.112467379
3.384306708,-0.106089578,-0.480119555,2.547921297,2.594932123
3.394315708,0.00453532,-0.92112153,-0.945396538,1.31994699
3.404325708,-0.508165213,-0.680926097,-1.458169869,1.687646764
3.414335708,-0.27816705,-0.489358156,1.248183491,1.369237138
3.424345708,-0.319363773,-0.8598297,1.319566299,1.607033151
3.434355708,0.150605783,-0.898167554,-2.857884538,2.999481803
3.444364708,-0.071893992,-0.567555456,1.06966098,1.213038562
3.454374708,-0.11680239,-0.393162103,0.795647591,0.895139277
3.4643895,0.207799263,-0.468536367,-0.408170736,0.655217682
3.4743995,0.074645089,-0.657403918,-1.648873299,1.776663996
3.4844395,-0.320053781,-0.592695559,1.038303532,1.237657737
3.4944495,0.601693255,-0.559277553,0.364369828,0.898660962
3.5044585,0.162599592,-1.001507735,-0.941744367,1.384318902
3.5144685,0.991734991,-0.62734689,0.764156241,1.40037037
3.5244785,0.905377171,-0.645554827,0.257461676,1.141374334
3.5344885,-1.004044988,-0.761111596,-1.087209059,1.664157666
3.5444975,-0.10712819,-1.018818855,0.325956545,1.075042315
3.5545075,-0.250508332,-0.729995492,0.201496221,0.79765191
3.5645175,-0.79224378,-0.604490855,1.082328973,1.471222419
3.5745275,-0.175516128,-0.76485016,-1.25196547,1.477572068
3.5845375,0.608472809,-0.768911343,-0.372396301,1.048876932
3.5945775,-0.192294275,-0.824306695,-0.098586395,0.85216072
3.6045875,-0.111377618,-0.696126957,0.328148666,0.777611253
3.6145965,0.139293358,-0.697797799,-0.051222779,0.713406042
3.6246065,0.999043718,-0.781877983,0.0011864,1.268630339
3.6346165,-0.72532766,-0.780033478,-0.246528552,1.09331092
3.6446265,-0.972908126,-0.885982687,-0.186991033,1.329090362
3.6546355,0.231836253,-0.614568385,0.396766911,0.767376264
3.6646455,0.361255711,-0.902240578,-1.399480196,1.70384523
3.6746555,-0.083478578,-0.543633619,0.747198147,0.927799146
3.6846655,0.019313499,-0.715168853,0.485553373,0.864639565
3.6946745,-0.106256681,-0.686543517,-0.901108557,1.137817698
3.7047155,-0.345961953,-0.613163299,0.216277397,0.736501743
3.7147255,-0.210207841,-0.702342255,0.619636459,0.959906934
3.7247345,0.176164895,-0.6979738,-1.062011068,1.282992207
3.7347445,-0.115431748,-0.423697725,0.36933236,0.573803662
3.7447545,-0.109193171,-0.594360993,0.693596721,0.919926382
3.7547645,0.29393774,-0.626396425,-1.643862235,1.783551212
3.7647735,-0.161396875,-0.381086141,0.83192664,0.929181109
3.7747835,-0.864936731,-0.634078497,1.100297467,1.536497837
3.7847935,-0.218808346,-0.555499374,-1.065422333,1.221303155
3.7948035,0.045752051,-0.6811958,-0.436619194,0.810405632
3.8048125,1.193424681,-0.355410578,0.381784006,1.302435479
3.8148535,1.76112449,-0.5231957,-0.457306643,1.893257134
3.8248625,-0.572361794,-0.730281275,-1.716080026,1.950856073
3.8348725,-1.038695953,-0.920764557,1.577572936,2.101293178
3.8448825,-0.210141256,-0.571191839,-0.403938521,0.730469571
3.8548925,0.834847398,-0.478456022,0.231795323,0.98975725
3.8649025,0.638344553,-0.645736822,-1.458300261,1.71787644
3.8749115,-1.329891897,-0.508364676,0.958938105,1.716569076
3.8849215,-0.111252441,-0.60859984,0.800900729,1.012034016
3.8949315,-0.203633342,-0.593392109,-1.529940348,1.653571347
3.9049415,-0.214565881,-0.345610645,0.278871841,0.493208616
3.9149505,-0.124757445,-0.533244433,0.25265468,0.603115605
3.9249915,0.618972727,-0.42834246,0.368789154,0.838218313
3.9350005,0.738696368,-0.614831948,-1.215505157,1.549562336
3.9450105,-0.227320047,-0.562355673,-0.144420379,0.623518687
3.9550205,-0.576464127,-0.573837266,1.390032265,1.610524695
3.9650305,0.711836379,-0.690826748,-0.557710937,1.137978083
3.9750395,0.05782783,-0.625270398,-1.572349618,1.693100839
3.9850495,-1.319676081,-0.414397143,1.436232285,1.99399928
3.9950595,-0.46172659,-0.769018494,0.296913425,0.944848384
4.0050695,0.768425294,-0.500820745,-1.652223753,1.889746592
4.0150795,0.732614752,-0.427639479,0.634518793,1.059346023
4.0250885,-0.436875229,-0.8304318,0.247800322,0.970506022
4.0351295,-0.078149928,-0.892676433,-0.751306985,1.169376249
4.0451385,-0.267941494,-0.747526322,0.442274036,0.908952457
4.0551485,1.135513346,-0.800682336,0.208684788,1.405002528
4.0651585,0.81890935,-0.709932379,-1.111857412,1.55268909
4.0751685,-1.827102864,-0.795041965,0.673182337,2.103228723
4.0851775,-0.553851811,-0.64287958,0.307512088,0.902557293
4.0951875,0.250343933,-0.654076121,-0.688008537,0.981755267
4.1051975,0.095380942,-0.6341779,0.115559108,0.651638734
4.1152075,0.258496999,-0.517008323,0.163815594,0.600794352
4.1252165,-0.273105755,-0.774420005,-0.300186696,0.874314103
4.1352265,0.055846903,-0.638538753,0.047310991,0.642719959
4.1452675,0.042489505,-0.460341348,-0.090480984,0.47106934
4.1552765,0.361492486,-0.730639563,-0.01713585,0.815355521
4.1652865,0.384104985,-0.828828347,-0.394841423,0.995184816
4.1752965,-0.59049686,-0.76520874,0.305044563,1.013549773
4.1853065,-0.550176873,-0.518524214,-0.285364589,0.808080999
4.1953155,-0.191405608,-0.126214635,-0.028799876,0.231075039
4.2053255,0.35857235,-0.421039434,-0.147507125,0.572369363
4.2153355,0.672122821,-0.605156999,-0.180598272,0.922268842
4.2253455,-0.219124023,-0.735121454,-0.010156029,0.767151897
4.2353545,-0.522492134,-0.503298356,-0.182561767,0.748088273
4.2453645,0.332510616,-0.446388284,0.169966865,0.581991877
4.2554045,0.270175496,-0.468818787,-0.497410941,0.734985373
4.2654145,-0.147883402,-0.48133139,0.088201155,0.511203337
4.2754245,-0.461903761,-0.652019217,0.069278396,0.802049649
4.2854345,0.090989802,-0.556085411,-0.2348043,0.610445074
4.2954445,0.127838745,-0.50982151,-0.042357815,0.527309114
4.3054535,0.079615926,-0.562695835,-0.052700955,0.570738722
4.3154635,-0.050543067,-0.603908034,-0.159658808,0.626698053
4.3254735,-0.128859952,-0.559311028,-0.000546715,0.573963424
4.3354835,-0.012095706,-0.417412553,-0.153735579,0.444987835
4.3454925,0.023959688,-0.461752281,-0.116535593,0.476833074
4.3555025,-0.005894898,-0.44513771,-0.093616261,0.454913547
4.3655425,-0.024398293,-0.428488202,-0.098966464,0.440444976
4.3755525,0.032757134,-0.410952987,-0.092317595,0.422466479
4.3855625,0.036039898,-0.417113467,-0.109648157,0.432787751
4.3955725,0.018168816,-0.356455037,-0.105890152,0.37229427
4.4055815,0.027839955,-0.264340706,-0.123324795,0.293018902
4.4155915,0.01358553,-0.202577444,-0.126666479,0.239304376
4.4256015,-0.001814793,-0.167181909,-0.128674997,0.210974735
4.4356115,-0.02128064,-0.114982718,-0.144890496,0.186191157
4.4456215,-0.048358675,-0.072726937,-0.13327851,0.159345317
4.4556305,-0.039373899,-0.042518248,-0.136029625,0.147858595
4.465650458,0.025544229,-0.017131611,-0.153128638,0.156187001
4.475690458,0.084099617,-0.00612854,-0.140991572,0.164283073
4.485700458,0.08011886,0.002090233,-0.153805745,0.173434737
4.495710458,0.004506751,-0.008025742,-0.149701585,0.149984292
4.505720458,0.008608134,-0.033735876,-0.137189128,0.141538214
4.515729458,0.040985948,-0.067816153,-0.157589478,0.176389689
4.525739458,0.037583244,-0.083271221,-0.12811191,0.157350748
4.535749458,0.015101375,-0.118612524,-0.131085804,0.177427366
4.545759458,0.008695787,-0.13447982,-0.13093787,0.187896686
4.555768458,-0.006439584,-0.142913406,-0.129736267,0.193124853
4.565778458,-0.010382243,-0.157879281,-0.128093199,0.203571919
4.575788458,0.003781248,-0.160700343,-0.123606046,0.202774142
4.585828458,0.006625343,-0.16063924,-0.126158355,0.204364359
4.595838458,0.009345687,-0.176004626,-0.136944129,0.223200952
4.605848458,0.008542572,-0.160520395,-0.133977837,0.209260206
4.615858458,0.008818451,-0.14850941,-0.128331766,0.19647354
4.625867458,-0.001748838,-0.122938879,-0.135269487,0.18279732
4.635877458,0.000944472,-0.115450642,-0.138918149,0.180632209
4.645887458,0.010234738,-0.093490693,-0.134626878,0.164224407
4.655897458,0.027098546,-0.080827451,-0.143676029,0.167063489
4.665906458,0.020485437,-0.069992706,-0.142691358,0.160248106
4.675916458,0.026088586,-0.057449186,-0.140667636,0.154170059
4.685926458,0.017474477,-0.067647388,-0.139391189,0.15592123
4.695966458,0.020003562,-0.083802075,-0.137203161,0.162011227
4.705976458,0.020877949,-0.099393018,-0.133493103,0.167735713
4.715986458,0.015924252,-0.111932591,-0.13218742,0.173942521
4.725996458,0.01056739,-0.121506676,-0.126089358,0.175425393
4.736005458,0.004988113,-0.117209046,-0.129094827,0.174437141
4.746015458,-0.000339933,-0.127995039,-0.132554625,0.184264956
4.756025458,0.000881623,-0.13048968,-0.123447586,0.179631959
4.766035458,0.00900621,-0.119425725,-0.139780029,0.184070835
4.776044458,0.004814826,-0.114299983,-0.133366803,0.175711049
4.786054458,0.008136172,-0.105199157,-0.131004528,0.168211909
4.796064458,-0.000777643,-0.112044785,-0.133293128,0.174131262
4.806104458,0.010163256,-0.099443012,-0.130060787,0.16403662
4.816114458,0.017739292,-0.091606135,-0.138487794,0.166988729
4.826124458,0.019000609,-0.098223063,-0.139885279,0.171978733
4.836133458,0.016125771,-0.106579685,-0.133038189,0.171226252
4.846143458,0.013437514,-0.104364175,-0.136062954,0.172004579
4.856153458,0.013511929,-0.101144113,-0.135658911,0.169752891
4.866163458,0.011271047,-0.110332428,-0.141376904,0.179687813
4.876173458,0.012017161,-0.113957701,-0.155930039,0.193506968
4.886182458,0.006829694,-0.10627044,-0.134700553,0.171709901
4.896192458,0.009867396,-0.104977255,-0.137576213,0.173334371
4.906202458,0.009283268,-0.10040656,-0.142565058,0.174620881
4.916242458,0.011846925,-0.102841341,-0.141718966,0.175502012
4.926252458,0.013230413,-0.103855686,-0.140564141,0.175269293
4.936262458,0.00071252,-0.105921215,-0.142103128,0.177237441
4.946271458,0.010811858,-0.106720676,-0.148568979,0.183245574
4.956281458,0.009870328,-0.104107117,-0.146049998,0.179628275
4.966291458,0.005214894,-0.102352806,-0.138447449,0.172252686
4.976301458,0.009261871,-0.097993779,-0.143709358,0.174186517
4.986310458,0.0058203,-0.09098231,-0.134315221,0.162333716
4.996320458,0.013482665,-0.102955946,-0.137497276,0.172299768
5.006330458,0.018730231,-0.114374608,-0.136612008,0.179151369
5.016340458,0.009207081,-0.100545943,-0.137235321,0.170375439
5.026380458,0.011564696,-0.10362304,-0.136065293,0.171421237
5.036390458,0.009500181,-0.092831565,-0.129666685,0.159754193
5.046400458,0.012262735,-0.089535051,-0.128954494,0.15746797
5.056409458,0.002955914,-0.090317555,-0.135274165,0.162680969
5.066419458,0.00472244,-0.096588182,-0.139486499,0.169729378
5.076429458,0.004035547,-0.10194562,-0.137881438,0.17152401
5.086439458,0.009312659,-0.101273263,-0.135384092,0.169327647
5.096448458,0.01106666,-0.105019575,-0.126439607,0.164737841
5.106458458,0.012616245,-0.09564086,-0.136500911,0.167149162
5.116468458,0.009729191,-0.095645538,-0.133225885,0.164292004
5.126478458,0.008303795,-0.103097668,-0.136075233,0.170922647
5.136518458,0.006247074,-0.094246664,-0.140438426,0.169246598
5.146528458,0.00225571,-0.096404872,-0.141666341,0.171371934
5.156538458,0.009215824,-0.094390433,-0.132394996,0.162858589
5.166547458,0.014726797,-0.098619212,-0.138415289,0.170591383
5.176557458,0.012258377,-0.097702442,-0.149829639,0.179290144
5.186567458,0.009708461,-0.0974304,-0.144174796,0.174279399
5.196577458,0.015746186,-0.09193526,-0.136723105,0.165509038
5.206586458,0.008924167,-0.082843644,-0.136305029,0.159755347
5.216596458,0.00796208,-0.084402365,-0.133640453,0.158262202
5.226606458,0.011935693,-0.098122784,-0.135909172,0.1680531
5.236616458,0.017651511,-0.100151621,-0.131295134,0.166073283
5.246656458,0.008625895,-0.094195209,-0.139544971,0.168582153
5.256666458,0.015480577,-0.098350167,-0.148549683,0.178827884
5.266675458,0.007745715,-0.097421703,-0.137943419,0.169054343
5.276685458,0.011942088,-0.087004669,-0.130637323,0.157411994
5.286695458,0.01255103,-0.091759332,-0.132328922,0.161518565
5.296705458,0.001492995,-0.098996796,-0.136384551,0.168532906
5.306715458,-0.000770791,-0.094037188,-0.134609336,0.164204934
5.316724458,0.008748412,-0.095815545,-0.142713577,0.172117165
5.326734458,0.010170556,-0.096405456,-0.141854621,0.171814393
5.336744458,0.013012375,-0.08768375,-0.134545017,0.161121455
5.346754458,0.003870144,-0.086653836,-0.133962634,0.159592771
5.356794458,0.005675134,-0.094237236,-0.144313375,0.172450613
5.366804458,0.010503262,-0.097145056,-0.13281541,0.164886063
5.376813458,0.010886648,-0.096365184,-0.134782414,0.166045376
5.386823458,0.016101788,-0.094184465,-0.139896389,0.169413637
5.396833458,0.010530287,-0.082420671,-0.13408601,0.157743818
5.406843458,0.010973397,-0.086439097,-0.130961258,0.157299028
5.416852458,0.012881782,-0.088212849,-0.133225885,0.160301539
5.426862458,0.006675026,-0.088446884,-0.142983134,0.168260464
5.436872458,0.000942909,-0.089235089,-0.14030277,0.166278855
5.446882458,-0.006071804,-0.098153408,-0.14405259,0.174419342
5.456892458,0.007493061,-0.089177932,-0.132694373,0.160052011
5.466971958,0.005936614,-0.088106723,-0.131968149,0.158788004
5.476981958,0.007746172,-0.092945074,-0.140381123,0.168539757
5.486990958,0.004880918,-0.08793518,-0.140108643,0.165489731
5.497000958,0.013768896,-0.089820761,-0.133848614,0.161780107
5.507010958,0.014711485,-0.092762495,-0.133255706,0.163028805
5.517020958,0.007387619,-0.094196671,-0.137753969,0.167044143
5.527029958,0.010685558,-0.094464619,-0.137025406,0.16677442
5.537039958,0.01368095,-0.091966981,-0.139879432,0.167962345
5.547049958,0.007819061,-0.090256013,-0.145893293,0.171732753
5.557059958,0.012076803,-0.078326816,-0.128391407,0.150881717
5.567068958,0.011541655,-0.086278956,-0.149664747,0.173138108
5.577109958,0.003760491,-0.085824554,-0.150282213,0.173103261
5.587119958,0.006673701,-0.095750568,-0.139387096,0.169237916
5.597128958,0.01098246,-0.0916247,-0.14375672,0.170826505
5.607138958,0.014244493,-0.076756108,-0.151265715,0.170222566
5.617148958,0.015726982,-0.08032766,-0.129132834,0.152889371
5.627158958,0.011021143,-0.091842582,-0.140078822,0.167864832
5.637167958,0.007335496,-0.091686388,-0.148778894,0.174915301
5.647177958,0.012471535,-0.086822382,-0.135614473,0.16150836
5.657187958,0.015272608,-0.0840834,-0.125309924,0.151676787
5.667197958,0.010698778,-0.087785783,-0.129691243,0.15697333
5.677206958,0.017360228,-0.086894229,-0.139888787,0.165592444
5.687247958,0.009416338,-0.084535682,-0.141848774,0.165396565
5.697256958,0.010814535,-0.091587862,-0.136160018,0.164453158
5.707266958,0.00579925,-0.083533688,-0.138720514,0.162033605
5.717276958,0.000795495,-0.083675045,-0.143829811,0.166400602
5.727286958,0.005888037,-0.086171367,-0.141309076,0.165615303
5.737296958,0.002631128,-0.088061553,-0.141803166,0.166942798
5.747305958,0.000498649,-0.085549589,-0.135680546,0.160400098
5.757315958,0.001148302,-0.078813012,-0.138992994,0.159786926
5.767325958,0.008068134,-0.085904076,-0.136012668,0.161071571
5.777335958,0.013507269,-0.083606925,-0.135586991,0.15986368
5.787344958,0.014351196,-0.082316079,-0.136497402,0.160041977
5.797385958,0.003706331,-0.085999021,-0.139498778,0.163919119
5.807394958,0.014231977,-0.083467688,-0.136221414,0.160392262
5.817404958,0.019034459,-0.076976986,-0.132503754,0.154418301
5.827414958,0.003599126,-0.07906415,-0.143899392,0.164228891
5.837424958,0.006068377,-0.085581895,-0.138669643,0.163065495
5.847433958,0.007297992,-0.0919012,-0.137486166,0.165534097
5.857443958,0.016098161,-0.081602134,-0.147698328,0.169507685
5.867453958,0.010457398,-0.083665835,-0.13842289,0.162080923
5.877463958,0.009912255,-0.093616042,-0.143389515,0.171530666
5.887473958,0.014650619,-0.081866282,-0.143866648,0.166175633
5.897482958,0.012366751,-0.087807418,-0.148381283,0.172858568
5.907523958,0.013975549,-0.090912582,-0.142267435,0.169412032
5.917532958,0.011532902,-0.089663032,-0.128221838,0.156886286
5.927542958,0.009261761,-0.087890302,-0.134093612,0.160597579
5.937552958,0.010308751,-0.085383528,-0.138148656,0.162731891
5.947562958,0.004636184,-0.081311454,-0.138170291,0.160387269
5.957571958,0.009874376,-0.079155659,-0.1386445,0.159954428
5.967581958,0.007031112,-0.084076748,-0.130881152,0.155718374
5.977591958,0.012488766,-0.078771643,-0.136276962,0.157899814
5.987601958,0.009137152,-0.092196777,-0.140492805,0.168291299
5.997610958,0.009844875,-0.086042144,-0.141879179,0.166222362
6.007620958,0.007775728,-0.075979597,-0.136062954,0.156033614
6.017661958,0.011883771,-0.070681435,-0.136987399,0.154604776
6.027670958,0.010981382,-0.073233379,-0.143591244,0.161561642
6.037680958,0.015850175,-0.085847431,-0.137617729,0.162971313
6.047690958,0.004129879,-0.08324469,-0.143780694,0.166191523
6.057700958,0.006339131,-0.080747782,-0.14019869,0.161913747
6.067709958,0.010236063,-0.080527781,-0.127932985,0.151513528
6.077719958,0.008012531,-0.083666712,-0.130944886,0.155598466
6.087729958,-0.000539424,-0.076663356,-0.137695497,0.157599527
6.097739958,0.005788798,-0.073918308,-0.146235355,0.163957938
6.107748958,0.00240485,-0.079779849,-0.134126941,0.156078967
6.117758958,0.009586528,-0.082010635,-0.135362458,0.158558004
6.127798958,0.01231853,-0.079717503,-0.13493678,0.157208655
6.137808958,0.00748101,-0.080598021,-0.140661789,0.16228908
6.147818958,0.003785067,-0.075581694,-0.145759977,0.164234253
6.157828958,0.001522295,-0.083172111,-0.140675822,0.163430733
6.167838958,0.010293621,-0.081155041,-0.142180311,0.16403457
6.177847958,0.012728347,-0.076332988,-0.138590705,0.158732856
6.187857958,0.005983766,-0.076083385,-0.136357654,0.156262269
6.197867958,0.005543471,-0.075946634,-0.144609244,0.163433334
6.207877958,0.011337733,-0.07875052,-0.142237614,0.16297769
6.217886958,0.007905929,-0.079655011,-0.141357023,0.16244763
6.227896958,0.010473862,-0.073518504,-0.137464532,0.156240743
6.237936958,0.005339403,-0.081895079,-0.145546553,0.167090132
6.247946958,0.00120703,-0.082551356,-0.143314086,0.165393805
6.257956958,0.001748628,-0.07521332,-0.133884866,0.153574928
6.267966958,0.008778973,-0.0823478,-0.143470792,0.165656568
6.277975958,0.005881294,-0.077873364,-0.140791597,0.161000386
6.287985958,0.00733842,-0.076648153,-0.136454133,0.15667968
6.297995958,0.007699687,-0.073273871,-0.139159639,0.157460315
6.308005958,0.008983845,-0.086071599,-0.14592136,0.169652801
6.318015958,0.007342842,-0.082198842,-0.142809471,0.164939723
6.328024958,0.009247262,-0.071995451,-0.138340445,0.156227192
6.338034958,0.009639437,-0.070707821,-0.139250271,0.156470932
6.348074958,0.011801125,-0.073738286,-0.142558626,0.160933412
6.358084958,0.011911966,-0.081188736,-0.138821086,0.161260037
6.368094958,0.007928934,-0.078949983,-0.129990036,0.15229372
6.378104958,0.009144433,-0.07022199,-0.136433668,0.153716929
6.388113958,-0.000112723,-0.074670552,-0.139733836,0.158433737
6.398123958,0.001843006,-0.077516172,-0.13988294,0.159935583
6.408133958,0.010883057,-0.081526631,-0.147372639,0.168771227
6.418143958,0.012117697,-0.0740449,-0.144547849,0.162860573
6.428152958,0.003802627,-0.065265963,-0.13945317,0.154017182
6.438162958,0.005322812,-0.074722958,-0.149496932,0.167215984
6.448172958,0.009175414,-0.079913604,-0.145030829,0.165844245
6.458212958,0.006947442,-0.072160123,-0.142649843,0.160013524
6.468222458,0.000207439,-0.07806296,-0.141328956,0.16145508
6.478232458,0.004815109,-0.082638918,-0.14178387,0.164179907
6.488242458,-0.000988581,-0.083506864,-0.14927123,0.171044654
6.498251458,0.001669508,-0.082474173,-0.150503823,0.171628019
6.508261458,0.006956122,-0.069834466,-0.133165074,0.150526334
6.518271458,0.010812845,-0.073768326,-0.140213892,0.158803713
6.528281458,0.00491802,-0.078355102,-0.14038697,0.160848408
6.538290458,0.00531638,-0.071718877,-0.138148071,0.155745789
6.548300458,0.013276889,-0.074070774,-0.141148862,0.159955483
6.558310458,0.00733683,-0.081906116,-0.144004058,0.165830062
6.568350458,0.005612852,-0.076098003,-0.138912302,0.158489867
6.578360458,8.19707E-05,-0.077795889,-0.14206746,0.161973362
6.588370458,0.01128012,-0.085801604,-0.147017128,0.170596577
6.598379458,5.82163E-05,-0.068971125,-0.142536407,0.158346603
6.608389458,-0.000347745,-0.064863967,-0.144060776,0.157990387
6.618399458,0.008396291,-0.079049166,-0.142419462,0.163102948
6.628409458,0.000472601,-0.090284299,-0.140192842,0.166749846
6.638419458,-0.000685632,-0.070576185,-0.132721855,0.150321518
6.648428458,0.012332015,-0.06494444,-0.141117872,0.155833606
6.658438458,0.012901808,-0.072693097,-0.136949392,0.155582386
6.668448458,0.005351226,-0.073979338,-0.140101041,0.158524067
6.678488458,0.013006656,-0.083786653,-0.145348917,0.168272648
6.688498458,0.003539219,-0.076304045,-0.136553535,0.156466295
6.698508458,0.011662875,-0.075473521,-0.137480904,0.157268159
6.708517458,0.009605596,-0.067024294,-0.149164225,0.163812361
6.718527458,0.007413246,-0.068822313,-0.141848189,0.157836548
6.728537458,0.003550813,-0.075469793,-0.133926966,0.153768431
6.738547458,0.00664653,-0.071743947,-0.137686141,0.155398983
6.748557458,0.0060674,-0.089070197,-0.152527544,0.176734165
6.758566458,0.004415781,-0.080246895,-0.149403377,0.169647966
6.768576458,0.005129872,-0.063282442,-0.144637896,0.157959184
6.778586458,0.012627994,-0.066748159,-0.136719012,0.152665881
6.788626458,0.002003019,-0.073756194,-0.143625743,0.161469323
6.798636458,0.00751634,-0.0793196,-0.143040437,0.163733505
6.808646458,0.010693269,-0.066867516,-0.145288691,0.160294773
6.818655458,0.007165708,-0.075259513,-0.140664128,0.159692638
6.828665458,0.000619531,-0.066522238,-0.138143393,0.153327066
6.838675458,0.010840098,-0.066895802,-0.143091892,0.158328284
6.848685458,0.011516256,-0.075001358,-0.141609038,0.160657859
6.858694458,0.005827079,-0.076023524,-0.139067253,0.158597705
6.868704458,0.005216064,-0.077721556,-0.14342226,0.163210882
6.878714458,0.005239379,-0.079014156,-0.137608958,0.158766852
6.888724458,0.010155874,-0.071488059,-0.145547723,0.162474071
6.898764458,0.011227568,-0.075715522,-0.145410898,0.164326589
6.908774458,0.012100849,-0.069067823,-0.139281846,0.155936613
6.918784458,0.005307865,-0.058748072,-0.14154238,0.153341953
6.928793458,0.001353685,-0.056672091,-0.133458019,0.144998625
6.938803458,0.00737989,-0.070433367,-0.141394445,0.158138266
6.948813458,0.00463443,-0.079549615,-0.131217951,0.153517979
6.958823458,0.005035257,-0.076494298,-0.142019513,0.161388579
6.968832458,-0.000385057,-0.068580019,-0.139640281,0.155572412
6.978842458,0.008295591,-0.068191983,-0.140846561,0.15670583
6.988852458,0.00889526,-0.084594812,-0.143099493,0.166471838
6.998862458,0.013681735,-0.079028262,-0.137563934,0.15923722
7.008902458,0.011158443,-0.073492923,-0.142521204,0.160742073
7.018912458,0.003714809,-0.073295214,-0.14087989,0.158849399
7.028921458,0.004602965,-0.074168641,-0.141200318,0.159560974
7.038931458,0.011568634,-0.072240595,-0.139718049,0.157713886
7.048941458,0.010413946,-0.067004194,-0.152608235,0.166994868
7.058951458,0.007816028,-0.067183704,-0.140496313,0.155929325
7.068961458,0.00546362,-0.065241844,-0.13512623,0.150151415
7.078970458,0.007856374,-0.066569819,-0.147273821,0.16181113
7.088980458,0.000840053,-0.075288164,-0.134116416,0.153805807
7.098990458,0.014584144,-0.069471281,-0.137443482,0.154692168
7.109000458,0.008008219,-0.068602385,-0.133565608,0.150366853
7.119040458,0.001963349,-0.062084493,-0.132977378,0.146769623
7.129050458,0.004294963,-0.063647527,-0.135233819,0.149524714
7.139059458,0.002633166,-0.062774903,-0.140020934,0.153471444
7.149069458,0.003446239,-0.06280297,-0.143160304,0.156368035
7.159079458,0.006033258,-0.070528896,-0.137178603,0.154365457
7.169089458,0.005824265,-0.079106834,-0.137940495,0.159120688
7.179098458,0.001378755,-0.071693515,-0.141711364,0.158820565
7.189108458,0.006530234,-0.071916221,-0.147260372,0.164012816
7.199118458,0.012704739,-0.072861716,-0.136778069,0.155494309
7.209128458,0.006429343,-0.066065132,-0.134093027,0.149622451
7.219138458,0.001492356,-0.056413498,-0.145477556,0.156039832
7.229178458,-0.000397337,-0.069779356,-0.142346372,0.158530142
7.239188458,0.007484171,-0.067265638,-0.143107679,0.158305043
7.249197458,0.010629827,-0.064125464,-0.136987399,0.151626567
7.259207458,0.008769599,-0.065162906,-0.129523428,0.145256424
7.269217458,0.007455419,-0.068575195,-0.134032801,0.150741276
7.279227458,0.004298708,-0.071186123,-0.141545303,0.158496107
7.289236458,-0.000221244,-0.065899875,-0.136482199,0.151559339
7.299246458,-0.0005072,-0.058133822,-0.137228304,0.149034915
7.309256458,0.00768516,-0.061022858,-0.137540545,0.15066603
7.319266458,0.011028507,-0.069991244,-0.139208171,0.156202808
7.329275458,0.000773258,-0.069775409,-0.142376193,0.15855657
7.339316458,0.010629516,-0.067846047,-0.142075061,0.157801761
7.349326458,0.007506783,-0.06884519,-0.136692114,0.153234285
7.359335458,0.005630631,-0.075600625,-0.140448951,0.159602839
7.369345458,0.008409347,-0.074234423,-0.144343781,0.162531824
7.379355458,-0.004443701,-0.064409639,-0.144486453,0.15825512
7.389365458,0.004564885,-0.063100447,-0.145248345,0.15842849
7.399374458,0.010718915,-0.063169956,-0.141964549,0.155753881
7.409384458,0.001469022,-0.067532929,-0.144074809,0.159123867
7.419394458,0.006513972,-0.068322157,-0.151273316,0.166114313
7.429404458,-0.001108157,-0.063358236,-0.1372055,0.151131874
7.439413458,0.001412505,-0.062881907,-0.137973239,0.151633585
7.449454458,-0.003659425,-0.06087295,-0.144884064,0.1571951
7.459463458,0.00484852,-0.068030673,-0.145801492,0.160965076
7.469517458,0.010376515,-0.069779868,-0.142681417,0.159169372
7.479527458,0.005147541,-0.064655368,-0.148695279,0.162225459
7.489537458,0.009916859,-0.063897934,-0.129853796,0.145063084
7.499547458,0.004444195,-0.064366442,-0.155165808,0.168045284
7.509556458,0.007061043,-0.063701468,-0.139754886,0.153750328
7.519566458,0.002766181,-0.066648611,-0.149339642,0.16356044
7.529576458,0.005038939,-0.066501407,-0.13496894,0.150547145
7.539586458,0.005606767,-0.058903681,-0.143944416,0.155631213
7.549595458,0.005311775,-0.060514224,-0.131674034,0.145011163
7.559636458,0.001294519,-0.062124912,-0.136785085,0.150237612
7.569645458,1.00499E-05,-0.06797147,-0.148179554,0.163025462
7.579655458,0.002408934,-0.063430376,-0.144293495,0.157638283
7.589665458,0.00472836,-0.056750225,-0.141910754,0.152910456
7.599675458,0.00098606,-0.065812532,-0.138326411,0.153187655
7.609684458,0.002644422,-0.069177824,-0.13609219,0.152688076
7.619694458,0.008985763,-0.061255504,-0.141031918,0.154022669
7.629704458,0.001944163,-0.067840492,-0.149282924,0.163986291
7.639714458,0.01013296,-0.066927377,-0.142998337,0.158210224
7.649724458,0.008121134,-0.05819456,-0.141207334,0.152944666
7.659733458,-0.002153539,-0.06451233,-0.139424518,0.153641384
7.669774458,0.00710772,-0.064844818,-0.144226252,0.158292709
7.679783458,0.012906084,-0.056438787,-0.136761112,0.14851096
7.689793458,0.007381616,-0.06186303,-0.148001214,0.160579831
7.699803458,0.002898246,-0.07297771,-0.149211588,0.166127192
7.709813458,0.01416044,-0.06476186,-0.142041732,0.156749706
7.719822458,0.012526709,-0.057361478,-0.1407226,0.15247986
7.729832458,0.005082299,-0.067417227,-0.148205282,0.162897876
7.739842458,0.001783748,-0.058309312,-0.15153878,0.162379676
7.749852458,-0.089145435,0.101377198,0.057903807,0.146891442
7.759861458,0.020943548,0.552437699,-0.495778399,0.74257812
7.769871458,0.41916087,0.277796903,-0.129224051,0.519197274
7.779912458,0.231456367,-0.075245918,-0.118100892,0.270521383
7.789921458,-0.410441429,-0.367759167,-0.260310439,0.609483795
7.799931458,-0.193864197,-0.097751485,0.141239494,0.259012113